problema,tipo,f1,f2,f3
Truss2D,K_ref,0.014977920425188928,26728.42918157385,
Truss2D,regua_min,0.004005300328255801,8432.740427115683,
Truss2D,regua_max,0.05145023869290935,99937.21653147765,
WeldedBeam,K_ref,7.437107098142866,0.0024211264628051904,
WeldedBeam,regua_min,2.423861031833178,0.00043903999999999997,
WeldedBeam,regua_max,38.61660987551854,0.013951344125864022,
Carside,K_ref,27.942844238887325,3.8556507034086827,11.527060027292913
Carside,regua_min,23.59024762853901,3.585250025172461,10.610653232263756
Carside,regua_max,42.76784655538384,3.999999844757046,12.520214028570397
